date,n_assets,pnl_net,equity
2022-08-17,8,0.0,1.0
2022-08-18,8,0.0,1.0
2022-08-19,8,0.0,1.0
2022-08-22,8,0.0,1.0
2022-08-23,8,0.0,1.0
2022-08-24,8,0.0,1.0
2022-08-25,8,0.0,1.0
2022-08-26,8,0.0,1.0
2022-08-29,8,0.0,1.0
2022-08-30,8,0.0,1.0
2022-08-31,8,-0.0014814724767526863,0.9985185275232473
2022-09-01,8,0.0033226269674392376,1.0018362321102838
2022-09-02,8,-0.0022922190960004227,0.9995398039679755
2022-09-06,8,0.0036908247968747213,1.0032289302619237
2022-09-07,8,-0.0014514213197927665,1.0017728224039086
2022-09-08,8,0.0027878471923211837,1.004565611954191
2022-09-09,8,-0.0015026345731852398,1.0030561169346357
2022-09-12,8,-0.0009626055509389966,1.0020905695485711
2022-09-13,8,-0.015029366229685818,0.9870297833835111
2022-09-14,8,0.0014839226939814421,0.9884944592787094
2022-09-15,8,0.00023958906538262592,0.9887312917423439
2022-09-16,8,-0.0022214719573120214,0.9865348529044213
2022-09-19,8,-0.000360670703485357,0.9861790386850114
2022-09-20,8,0.0014710691812375644,0.9876297762760036
2022-09-21,8,0.0003627276489213348,0.9879880169027568
2022-09-22,8,-0.0022211377537233066,0.9857935594181879
2022-09-23,8,-0.0006636818378733997,0.9851393061369096
2022-09-26,8,0.0012261938065800998,0.9863472778527133
2022-09-27,8,0.0028459657411932454,0.9891543884144013
2022-09-28,8,-0.005920071901227692,0.9832985233135731
2022-09-29,8,-0.0010759245216678949,0.9822405683202202
2022-09-30,8,0.0003516238311201963,0.9825859475119347
2022-10-03,8,-0.011105654828315902,0.9716736871397135
2022-10-04,8,7.388913398853961e-05,0.9717454832669757
2022-10-05,8,-0.0005141144339431115,0.9712458948879091
2022-10-06,8,-0.002384715130130228,0.968929750107293
2022-10-07,8,-0.013675302702957706,0.9556793424766746
2022-10-10,8,-0.002822419461766857,0.9529820145012599
2022-10-11,8,0.0017173414597170527,0.9546186100251276
2022-10-12,8,6.834722576018132e-05,0.9546838555587818
2022-10-13,8,0.0025555690941841463,0.9571236161147643
2022-10-14,8,-0.012855642405292054,0.9448191771683329
2022-10-17,8,-0.0023538695294817308,0.9425951960963264
2022-10-18,8,0.0009057380522784959,0.9434489404333257
2022-10-19,8,-0.001378465891573102,0.9421484282484976
2022-10-20,8,-0.0026855132830851773,0.9396182761297984
2022-10-21,8,0.007522483797237921,0.9466865393875734
2022-10-24,8,0.003402589585828629,0.9499077251475379
2022-10-25,8,0.009797769423448057,0.9592147020120856
2022-10-26,8,-0.01581447736676122,0.9440452228172509
2022-10-27,8,-0.016005262404214855,0.9289355313046154
2022-10-28,8,0.007677658262874326,0.9360675808622139
2022-10-31,8,-0.002638582907457595,0.9335976889431257
2022-11-01,8,-0.0057330201978818395,0.928245354535719
2022-11-02,8,-0.006555975469683597,0.9221598007615351
2022-11-03,8,-9.685012815954019e-05,0.9220704894666478
2022-11-04,8,-0.0021297647502104573,0.9201066962409725
2022-11-07,8,-0.0009564694637198332,0.9192266422826538
2022-11-08,8,0.000714100893047424,0.9198830628488208
2022-11-09,8,-0.0069328376321560895,0.9135056629335194
2022-11-10,8,0.001962593896792551,0.9152985035722783
2022-11-11,8,0.0017169720379609959,0.9168700455092995
2022-11-14,8,-0.002242176793976215,0.9148142607701667
2022-11-15,8,0.002641580768379755,0.9172308165280567
2022-11-16,8,-0.00214464376931694,0.9152636831723644
2022-11-17,8,-1.1741926574973223e-05,0.9152529362133999
2022-11-18,8,0.0002362385092364965,0.9154691542026252
2022-11-21,8,0.0008680448028352806,0.9162638224440868
2022-11-22,8,0.0032355987170526682,0.9192284844924686
2022-11-23,8,-0.0003523524381342405,0.9189045920947553
2022-11-25,8,-0.0014052918015337544,0.9176132630050928
2022-11-28,8,-0.005420056497156683,0.9126397472770649
2022-11-29,8,-0.0016145983699964324,0.9111662006287173
2022-11-30,8,0.01784307083850462,0.9274242036921867
2022-12-01,8,0.0005499401845661838,0.9279342315299363
2022-12-02,8,-0.0004210974916838431,0.9275434807525914
2022-12-05,8,-0.00671815250736197,0.9213121021916861
2022-12-06,8,-0.00922826582791992,0.9128099892021815
2022-12-07,8,-0.002640328444420268,0.91039987102334
2022-12-08,8,0.0022845961612220148,0.912479767073857
2022-12-09,8,-0.00018520922957741424,0.9123107673991923
2022-12-12,8,0.0024367234200895777,0.9145338164125136
2022-12-13,8,0.006827437237461303,0.920777738645606
2022-12-14,8,-0.003634726968599916,0.9174309629668643
2022-12-15,8,-0.015756344735681587,0.9029756044431702
2022-12-16,8,-0.004925199335002496,0.8985282695966432
2022-12-19,8,-0.008202096015247762,0.8911584544569972
2022-12-20,8,-0.0010864896397580885,0.8901902200288467
2022-12-21,8,0.006374830714762574,0.895865031985468
2022-12-22,8,-0.007960300174765447,0.8887336774147878
2022-12-23,8,-0.0008594323281163477,0.8879698709613318
2022-12-27,8,-0.0016425445642140085,0.8865113408765986
2022-12-28,8,0.00024899377820378535,0.8867320766847839
2022-12-29,8,-0.003147194091377657,0.8839413587324065
2022-12-30,8,-0.0007656797392384242,0.8832645427433502
2023-01-03,8,0.005468461072009033,0.8880946405116281
2023-01-04,8,-0.005470296033442108,0.8832364999223162
2023-01-05,8,-0.0035890699371982733,0.8800665023530088
2023-01-06,8,0.0030681336214150173,0.8827666639779592
2023-01-09,8,0.001772747949521421,0.8843315867714319
2023-01-10,8,0.005153812587668233,0.8888892660350071
2023-01-11,8,0.00865104442839642,0.8965790865674006
2023-01-12,8,0.00314408788781132,0.899398010013942
2023-01-13,8,0.003799480901389437,0.9028152555757377
2023-01-17,8,0.0014748086080542371,0.9041467352861435
2023-01-18,8,-0.00572212208973424,0.8989730972798016
2023-01-19,8,-0.0013268487392913352,0.897780295959019
2023-01-20,8,0.015497155263490383,0.9116933365979982
2023-01-23,8,0.009903226764654346,0.9207220424501525
2023-01-24,8,-0.0014002615718417852,0.9194327907557619
2023-01-25,8,-0.002313124091573984,0.9173060286168816
2023-01-26,8,0.011944948382045536,0.9282632017792494
2023-01-27,8,0.009150046672322068,0.9367568533997286
2023-01-30,8,-0.012379693376381316,0.9251600907864161
2023-01-31,8,0.008220592644029006,0.9327654550232842
2023-02-01,8,0.009756655215571902,0.9418661259649425
2023-02-02,8,0.030039240728419733,0.9701590692567476
2023-02-03,8,-0.0068761556067825315,0.9634881045332068
2023-02-06,8,-0.0032550982716341515,0.9603518560694007
2023-02-07,8,0.01034994297671812,0.9702914430173044
2023-02-08,8,-0.007504514620441479,0.9630098766970918
2023-02-09,8,-0.0040398753632871365,0.959119436821621
2023-02-10,8,-0.0036335240440617898,0.9556344532868026
2023-02-13,8,0.006350269079953646,0.9617029892072483
2023-02-14,8,0.0034114075355928235,0.9649837500316321
2023-02-15,8,0.002354937105429966,0.9672562260707185
2023-02-16,8,-0.00882859235008529,0.9587167151526582
2023-02-17,8,-0.0025230245818857154,0.9562978493132633
2023-02-21,8,-0.01023483335548213,0.9465103001873361
2023-02-22,8,0.0006870437055327557,0.9471605941313018
2023-02-23,8,0.00588426297268919,0.9527339361445389
2023-02-24,8,-0.006570037669141332,0.9464744382954
2023-02-27,8,0.00250069414747445,0.9488412813839796
2023-02-28,8,-0.0004327327473947432,0.9484306866894447
2023-03-01,8,-0.004231404184957941,0.9444174931126446
2023-03-02,8,0.001909116235527173,0.9462204958818617
2023-03-03,8,0.010462500382576095,0.956120328182027
2023-03-06,8,0.0008050765657534975,0.9568900782522868
2023-03-07,8,-0.005951999527373526,0.9511946689587807
2023-03-08,8,0.0014524314264064784,0.9525762139886066
2023-03-09,8,-0.00973594241916977,0.9433019868193427
2023-03-10,8,-0.007729876993836921,0.9360103784931872
2023-03-13,8,0.004970075522141248,0.9406624207638065
2023-03-14,8,0.016566242776652203,0.956245662797053
2023-03-15,8,0.004087786103928106,0.9601545905293764
2023-03-16,8,0.01595544300648735,0.9754742823759851
2023-03-17,8,-0.0035019923387106457,0.9720581789124951
2023-03-20,8,0.0006751525539540119,0.9727144664745799
2023-03-21,8,0.010839277376552702,0.9832579883848833
2023-03-22,8,-0.006463903059808453,0.9769023040651811
2023-03-23,8,0.005587858238098277,0.982361095652769
2023-03-24,8,0.0008890963109276675,0.9832345092789126
2023-03-27,8,-0.004865092863619706,0.9784509820845552
2023-03-28,8,-0.0034244680400452184,0.9751003079676557
2023-03-29,8,0.009604982059037762,0.9844661289314472
2023-03-30,8,0.004673309981569888,0.9890668443183
2023-03-31,8,0.010166578286630076,0.9991222698217722
2023-04-03,8,-0.0010249807420235962,0.998098188736278
2023-04-04,8,-0.0007216127443541074,0.9973779483631692
2023-04-05,8,-0.007331449310072458,0.9900657224917605
2023-04-06,8,0.006821307682256236,0.9968192654105322
2023-04-10,8,-0.0024151546161686483,0.9944117927601901
2023-04-11,8,-0.005196095102227283,0.9892447345142318
2023-04-12,8,-0.005220395527164721,0.9840804857269024
2023-04-13,8,0.01413981452034635,0.9979952012681732
2023-04-14,8,0.00024994793942035426,0.9982446481122816
2023-04-17,8,-2.8335480933906027e-05,0.9982163623700876
2023-04-18,8,0.0005544971965729382,0.9987698705445951
2023-04-19,8,0.0008211430895947775,0.9995900035218883
2023-04-20,8,-0.009516029171983019,0.9900778758883514
2023-04-21,8,0.0015439999522230217,0.9916065560814201
2023-04-24,8,-0.0017481723030260258,0.9898730569645795
2023-04-25,8,-0.014496858824238443,0.9755230070038466
2023-04-26,8,0.007559008330377443,0.9828969935402635
2023-04-27,8,0.025875283447098222,1.0083297318474187
2023-04-28,8,0.0024676177304177333,1.0108179041718328
2023-05-01,8,0.00044033027906091035,1.0112629979016567
2023-05-02,8,-0.005328468796495659,1.0058745145722872
2023-05-03,8,-0.002882861413682075,1.0029747177472206
2023-05-04,8,-0.0030452430184880652,0.9999204159902808
2023-05-05,8,0.013709204698854564,1.0136285296556553
2023-05-08,8,0.0025961778878838175,1.0162600896308756
2023-05-09,8,-0.003212002011937244,1.0129958601783295
2023-05-10,8,0.007514130002287174,1.0206076427634883
2023-05-11,8,0.003717009888796612,1.0244012514642216
2023-05-12,8,-0.0029511548055413117,1.0213780847881604
2023-05-15,8,0.0018569271466572037,1.0232747094808043
2023-05-16,8,0.0027268370791455458,1.0260650129007685
2023-05-17,8,0.008145307608727672,1.0344226280573983
2023-05-18,8,0.00937668805023491,1.0441220863527967
2023-05-19,8,-0.0010139201212816247,1.043063429960369
2023-05-22,8,0.0033276868072795755,1.0465344183754037
2023-05-23,8,-0.0070463165942573945,1.0391602055367437
2023-05-24,8,-0.0017467575307288964,1.0373450446220887
2023-05-25,8,0.018798789634489083,1.0568458758943189
2023-05-26,8,0.015410283863827385,1.0731321708421657
2023-05-30,8,0.0036962294381444752,1.0770987135630523
2023-05-31,8,-0.0026061328308448614,1.074291651243575
2023-06-01,8,0.010539772716635632,1.0856144410790614
2023-06-02,8,0.005987718090644093,1.0921147943073748
2023-06-05,8,0.000832146370889731,1.0930235936700528
2023-06-06,8,0.001429628062295948,1.094586210872315
2023-06-07,8,-0.013068500702070836,1.080281610207053
2023-06-08,8,0.00829285008979707,1.0892402236552645
2023-06-09,8,0.0030454891295348552,1.0925574929158588
2023-06-12,8,0.01067157619691679,1.1042168034510227
2023-06-13,8,0.004428330188729902,1.1091066400566478
2023-06-14,8,0.0023436078669703984,1.1117059511035936
2023-06-15,8,0.009515047000857303,1.1222838854794772
2023-06-16,8,-0.0035478931346696967,1.118302142187034
2023-06-20,8,0.002767558300224903,1.1213971085628032
2023-06-21,8,-0.009065916029641909,1.1112306165406896
2023-06-22,8,0.010226596171473194,1.1225947233094282
2023-06-23,8,-0.004250016222136806,1.1178236775244779
2023-06-26,8,-0.013263241116309752,1.1029977125639507
2023-06-27,8,0.010692253183591856,1.114791243367607
2023-06-28,8,0.0021049922134422834,1.1171378702545094
2023-06-29,8,-0.0015209205387385102,1.1154387923230367
2023-06-30,8,0.01164935436733607,1.128432934089881
2023-07-03,8,0.0011617550933253364,1.129743896798536
2023-07-05,8,0.0024979886371081462,1.132565984215581
2023-07-06,8,-0.0041461636708207605,1.127870180277019
2023-07-07,8,-0.001913646972918601,1.1257118349206867
2023-07-10,8,-0.006333637869487028,1.1185819838129034
2023-07-11,8,0.0038016706274462517,1.1228344640851553
2023-07-12,8,0.010880819158428407,1.1350518228337168
2023-07-13,8,0.0132225187152134,1.1500600668038725
2023-07-14,8,0.00019713742879538901,1.1502867866884026
2023-07-17,8,0.004628666701658822,1.1556110808353053
2023-07-18,8,0.005863496388376935,1.1623870022341516
2023-07-19,8,0.0009772129870319905,1.1635229019086921
2023-07-20,8,-0.01773705108736159,1.1428854367562225
2023-07-21,8,-0.004296384362455577,1.1379751616376648
2023-07-24,8,0.002847087213095373,1.1412150761691835
2023-07-25,8,0.004305989048464277,1.1461291357891104
2023-07-26,8,0.0015106265459685865,1.1478605088867413
2023-07-27,8,-0.0018436268191290603,1.1457442824679385
2023-07-28,8,0.01427194316982873,1.1620962797544772
2023-07-31,8,0.00014154892278205782,1.1622607732310455
2023-08-01,8,-0.0032966475635067666,1.1584292090848138
2023-08-02,8,-0.016097134388343703,1.139781818426793
2023-08-03,8,-0.0004926372335803907,1.139220319464878
2023-08-04,8,-0.0034395374401403403,1.13530192852351
2023-08-07,8,0.004494948312400669,1.140405052011192
2023-08-08,8,-0.003776138879487877,1.136098724155928
2023-08-09,8,-0.009073134874874789,1.125790747200488
2023-08-10,8,0.0007431318304430208,1.1266273581391508
2023-08-11,8,-0.003706390995378801,1.1224516366437964
2023-08-14,8,0.007986420752816916,1.1314160076887216
2023-08-15,8,-0.007208591292074386,1.1232600921079832
2023-08-16,8,-0.006517869991320783,1.1159388288611845
2023-08-17,8,-0.006283790645274552,1.108926502887688
2023-08-18,8,-0.0026836090716460025,1.10595057766475
2023-08-21,8,0.013124151688114826,1.1204652408055804
2023-08-22,8,-0.0005749689356917623,1.1198210080985949
2023-08-23,8,0.010274499159981198,1.1313266081056332
2023-08-24,8,-0.01221303492929336,1.1175096767244002
2023-08-25,8,0.003990043873026743,1.1219685893630624
2023-08-28,8,0.004435633515034884,1.1269452308408576
2023-08-29,8,0.01487059991698542,1.1437035824970467
2023-08-30,8,0.002542309640833675,1.146611231141085
2023-08-31,8,0.001227612141677294,1.1480188250102172
2023-09-01,8,-0.001621436566329269,1.1461573853085112
2023-09-05,8,0.0032468906016831934,1.149878832950919
2023-09-06,8,-0.008960151452290758,1.1395757444558954
2023-09-07,8,-0.002490047541291368,1.1367381466752977
2023-09-08,8,0.001935358534251202,1.1389381425486746
2023-09-11,8,0.011498154325528547,1.1520338290789303
2023-09-12,8,-0.008533431133333961,1.1422030277352142
2023-09-13,8,0.005339816111588202,1.1483021818654195
2023-09-14,8,0.0058010916603923116,1.1549635880762494
2023-09-15,8,-0.012278082832642024,1.1407828494731638
2023-09-18,8,0.0007921488074174048,1.1416865192468961
2023-09-19,8,-0.001123903584945856,1.14040337367503
2023-09-20,8,-0.013296311549226681,1.1252402151268577
2023-09-21,8,-0.012241382679742004,1.1114657190468546
2023-09-22,8,-0.0007046911557422591,1.1106824789847316
2023-09-25,8,0.004561896742515359,1.115749297767581
2023-09-26,8,-0.011443193480001572,1.1029815626780506
2023-09-27,8,0.0009712038722422714,1.1040527826427353
2023-09-28,8,0.006175945846874988,1.1108713528404286
2023-09-29,8,0.0002820158395152036,1.1111846361575932
2023-10-02,8,0.010148120580646711,1.1224610718326824
2023-10-03,8,-0.0125211371685606,1.1084065827858958
2023-10-04,8,0.01007682541615528,1.1195758024107463
2023-10-05,8,0.00076034573324007,1.1204270670951482
2023-10-06,8,0.011528925199774047,1.1333443869434905
2023-10-09,8,0.002748437309755757,1.1364593129413683
2023-10-10,8,0.0026205330448512776,1.13943744212506
2023-10-11,8,0.0072541594692771974,1.1477031030355005
2023-10-12,8,-0.0026908812069859817,1.1446147703243428
2023-10-13,8,-0.01025820442453171,1.1328730780230172
2023-10-16,8,0.007905831411901487,1.141829381588949
2023-10-17,8,-0.003370618285129099,1.1379807105968678
2023-10-18,8,-0.01196566055823188,1.1243640196920501
2023-10-19,8,-0.006915308193878002,1.116588695973772
2023-10-20,8,-0.011298600949874915,1.1039728058728233
2023-10-23,8,0.0049926616694393145,1.109484568584808
2023-10-24,8,0.005389902147651722,1.1154645818438098
2023-10-25,8,-0.019782376250378778,1.093398041791804
2023-10-26,8,-0.015466469098171383,1.0764870347664302
2023-10-27,8,0.0063242894598209975,1.0832950503740375
2023-10-30,8,0.007067159168268222,1.090950868921228
2023-10-31,8,0.0012558269079507955,1.0923209143776715
2023-11-01,8,0.011985229358563465,1.1054126310696437
2023-11-02,8,0.009350378438971591,1.1157486575013642
2023-11-03,8,0.004569208256024792,1.120846745478868
2023-11-06,8,0.004177164658080246,1.1255287068912065
2023-11-07,8,0.005028328919301294,1.1311882354375715
2023-11-08,8,0.0020627034419638877,1.1335215413043176
2023-11-09,8,-0.004252444793117775,1.1287013035281113
2023-11-10,8,0.01120052057386052,1.141343345700021
2023-11-13,8,-0.00033865499344853836,1.1409568240767605
2023-11-14,8,0.009875551050507305,1.1522244014393552
2023-11-15,8,-0.0006362163102357748,1.1514913374821079
2023-11-16,8,0.0026961351164526224,1.1545959137133845
2023-11-17,8,-0.0008765116658196698,1.153583896925707
2023-11-20,8,0.006326245619730532,1.1608817520006252
2023-11-21,8,-0.0022408730891450984,1.1582803633228873
2023-11-22,8,0.0015032963252911548,1.1600216019367275
2023-11-24,8,-0.0037166343151665555,1.155710225844635
2023-11-27,8,-0.00014508220682765206,1.1555425528546162
2023-11-28,8,0.004184045666373358,1.1603773956651975
2023-11-29,8,-0.006176555222320203,1.1532102606021393
2023-11-30,8,-0.005072172106076253,1.1473609796858721
2023-12-01,8,-0.00017763846687620795,1.1471571642404872
2023-12-04,8,-0.011180517374975113,1.1343313536338693
2023-12-05,8,0.00789870566669598,1.143291103124728
2023-12-06,8,-0.006335675709364394,1.1360475814539281
2023-12-07,8,0.014534067669611255,1.152558973878678
2023-12-08,8,0.0048622412506785905,1.1581629936653106
2023-12-11,8,-0.0072977631477713885,1.1497109944510273
2023-12-12,8,0.006597921923199341,1.157296697826659
2023-12-13,8,0.007424010672359581,1.1658884808624106
2023-12-14,8,0.00014114714007760175,1.1660530426871338
2023-12-15,8,0.004281930466969945,1.1710460007367187
2023-12-18,8,0.008742923797959878,1.1812843666850656
2023-12-19,8,0.004564088898227725,1.186675853548703
2023-12-20,8,-0.01065834417939613,1.1740278538722022
2023-12-21,8,0.008586384927703078,1.184108508941394
2023-12-22,8,-0.0005141756073711303,1.1834996692296158
2023-12-26,8,0.002261012837492135,1.1861755771749116
2023-12-27,8,0.0014567874728795233,1.1879035828963755
2023-12-28,8,-0.000970200605407008,1.1867510781210844
2023-12-29,8,-0.004321184678520159,1.1816229075450904
2024-01-02,8,-0.013469186550376886,1.165707408171167
2024-01-03,8,-0.0064426040632730485,1.1581972168866959
2024-01-04,8,-0.005769868146206546,1.1515145716579562
2024-01-05,8,0.0023778675194060205,1.1542527207560243
2024-01-08,8,0.018540760322689368,1.1756534438033739
2024-01-09,8,0.0022053414140659616,1.1782461610315826
2024-01-10,8,0.010282776203015386,1.1903618026175324
2024-01-11,8,-0.0003415168324478134,1.1899552740252357
2024-01-12,8,0.000773045303740673,1.1908751633614825
2024-01-16,8,-0.0020561921116455852,1.188426495244624
2024-01-17,8,-0.004735669258294287,1.1827985004253516
2024-01-18,8,0.011081826371672534,1.19590606803974
2024-01-19,8,0.012834945076275237,1.2112554567394143
2024-01-22,8,-0.0011785346720420433,1.2098279501869467
2024-01-23,8,0.004593794641187037,1.215385651341274
2024-01-24,8,0.005295709279945916,1.221821980413795
2024-01-25,8,-0.0033326057215937394,1.217750129491099
2024-01-26,8,-0.0005401048570509274,1.2170924167314865
2024-01-29,8,0.00994867336989351,1.2292008716465224
2024-01-30,8,-0.004657994467157791,1.2234752607873673
2024-01-31,8,-0.02276897828171372,1.1956179791462858
2024-02-01,8,0.010470106446981844,1.2081362266578728
2024-02-02,8,0.028318718390774846,1.2423490962382906
2024-02-05,8,-0.0007409579861152727,1.2414285677538897
2024-02-06,8,0.0005707243952974641,1.242137081322526
2024-02-07,8,0.007688217555933005,1.2516869014380252
2024-02-08,8,-0.0005514561267868127,1.2509966510274084
2024-02-09,8,0.008396195976097873,1.2615002640748767
2024-02-12,8,-0.004306488339026907,1.2560676278979588
2024-02-13,8,-0.009003400325050717,1.2447587482086566
2024-02-14,8,0.005824129291912054,1.2520083840954626
2024-02-15,8,0.00033552754656996395,1.252428467396863
2024-02-16,8,-0.003968296999136965,1.2474584592680584
2024-02-20,8,-0.0058469838828065085,1.2401645897622475
2024-02-21,8,0.00014805049370943056,1.2403481967420429
2024-02-22,8,0.01775122580316113,1.2623658976569545
2024-02-23,8,-0.0022639295590469125,1.2595079901869162
2024-02-26,8,-0.0029146775118596615,1.2558369305719108
2024-02-27,8,0.0016157925283590056,1.2578661025011664
2024-02-28,8,-0.00199556636988054,1.2553559472092024
2024-02-29,8,0.0038782768243433947,1.2602245650855657
2024-03-01,8,0.002649655192227274,1.263563725647817
2024-03-04,8,-0.009608860964510687,1.251422317488268
2024-03-05,8,-0.012908758411329047,1.2352680091212664
2024-03-06,8,-0.00018140330660295918,1.235043927419871
2024-03-07,8,0.01008197972209362,1.2474956152520131
2024-03-08,8,-0.003704194712456822,1.2428746485901836
2024-03-11,8,-0.0025669396145697305,1.2396842644187729
2024-03-12,8,0.010156260576002722,1.2522748208401804
2024-03-13,8,-0.003063506848274059,1.2484384683506153
2024-03-14,8,0.002900023700348037,1.2520589694972584
2024-03-15,8,-0.006821542139489685,1.2435179964757068
2024-03-18,8,0.009195422751689395,1.2549526701526348
2024-03-19,8,0.003137515556872203,1.258890103678377
2024-03-20,8,0.007739498491137159,1.2686332817363035
2024-03-21,8,-0.0031341988022925366,1.2646571328241372
2024-03-22,8,0.002595766462761631,1.2679398873964143
2024-03-25,8,-0.002342385057500234,1.2649698839503682
2024-03-26,8,-0.0023675018420578915,1.261975065419968
2024-03-27,8,0.0033683160281597637,1.26622579625996
2024-03-28,8,-0.002518956167481659,1.2630362289810464
2024-04-01,8,0.002884524740243416,1.266679488231366
2024-04-02,8,-0.004613034758424726,1.260836251724371
2024-04-03,8,0.002838076113843392,1.2644146009738577
2024-04-04,8,-0.007582565957483875,1.2548270938643677
2024-04-05,8,0.009206054624875991,1.2663791006352576
2024-04-08,8,0.00111627936370638,1.2677927334919257
2024-04-09,8,0.0019017971471893215,1.270203818095708
2024-04-10,8,-0.0034922347880190032,1.2657679681342797
2024-04-11,8,0.01342023805963229,1.2827548755948988
2024-04-12,8,-0.010137124817192412,1.2697514293111312
2024-04-15,8,-0.014434750163925824,1.2514228846587372
2024-04-16,8,-0.001934740230259488,1.2490017064587204
2024-04-17,8,-0.00652983540789936,1.2408459308913595
2024-04-18,8,-0.003933654610298067,1.2359648715746392
2024-04-19,8,-0.017465013230195288,1.2143787287405314
2024-04-22,8,0.005375402928486614,1.2209065037152953
2024-04-23,8,0.01072199417421904,1.233997056135397
2024-04-24,8,0.0034705279409792955,1.238279677397801
2024-04-25,8,-0.010588466606076987,1.2251681943846906
2024-04-26,8,0.015529534983910846,1.2441944867205625
2024-04-29,8,0.0038790639636738767,1.249020796717802
2024-04-30,8,-0.012269501497946977,1.233695934181506
2024-05-01,8,0.0012589648255578257,1.2352491139680741
2024-05-02,8,0.0074933924378917036,1.2445053203375949
2024-05-03,8,0.010399099592677022,1.257447055107402
2024-05-06,8,0.005956514793593346,1.2649370570933096
2024-05-07,8,-0.0007393945590214709,1.2640017695157901
2024-05-08,8,-0.0005078696427293458,1.263359821388697
2024-05-09,8,0.001638725421888419,1.265430121244999
2024-05-10,8,-0.0009012317661882974,1.2642896754218416
2024-05-13,8,0.0007551413194609898,1.2652443927955206
2024-05-14,8,0.0035898654316976935,1.2697864499038667
2024-05-15,8,0.00575215538700992,1.2770904588720333
2024-05-16,8,-0.001694114517474905,1.2749269213855294
2024-05-17,8,0.0005929930875298105,1.2756829442370168
2024-05-20,8,0.0018532151942753762,1.2780470592523547
2024-05-21,8,0.0032547880783057904,1.2822068315843231
2024-05-22,8,-0.0019672844183203104,1.2796843660634836
2024-05-23,8,-0.0021097044189272054,1.2769846103015674
2024-05-24,8,0.007219197682248823,1.286203414640524
2024-05-28,8,0.004239251374058318,1.2916559542333572
2024-05-29,8,-0.0025971597952702116,1.2883013173197009
2024-05-30,8,-0.012240782036481629,1.2725315016970784
2024-05-31,8,0.00021318474832775458,1.2728027860050068
2024-06-03,8,0.005759984895336981,1.2801341108271385
2024-06-04,8,0.0022977950610816793,1.283075596664519
2024-06-05,8,0.014126198685695871,1.30120057747177
2024-06-06,8,0.0030684317517199636,1.3051932226390408
2024-06-07,8,-0.0012374924170103292,1.3035780559232917
2024-06-10,8,0.0023313962694385946,1.3066172129397933
2024-06-11,8,0.010611268538297509,1.3204820790630594
2024-06-12,8,0.00958425631954578,1.3331379177741665
2024-06-13,8,-0.0009886163033170263,1.3318199558940849
2024-06-14,8,0.00042728292348860673,1.3323890198183996
2024-06-17,8,0.007504568337791383,1.3423880242701498
2024-06-18,8,-0.003331354281304848,1.337916054178325
2024-06-20,8,-0.0009514350147722582,1.3366431139975539
2024-06-21,8,0.0019698270701667296,1.3392760697866581
2024-06-24,8,-0.005058859593820036,1.3325008601922443
2024-06-25,8,0.011074412234939181,1.3472575240214242
2024-06-26,8,0.008643306526382726,1.3589022837715168
2024-06-27,8,0.0040748078374860065,1.3644395494478065
2024-06-28,8,-0.009710655795687997,1.3511899466290953
2024-07-01,8,0.010760107460752542,1.365728895654713
2024-07-02,8,0.010828316948851871,1.3805174410030676
2024-07-03,8,0.0055607295250076,1.388194125097041
2024-07-05,8,0.013136777246265146,1.406430522093015
2024-07-08,8,-0.001165044846027223,1.4047919674619551
2024-07-09,8,0.0008561086681400257,1.4059946220422328
2024-07-10,8,0.009262789583270882,1.4190180543814204
2024-07-11,8,-0.02004654174842147,1.3905716497124994
2024-07-12,8,0.001677697911817403,1.3929046088654544
2024-07-15,8,0.00214918515045105,1.395898218766823
2024-07-16,8,-0.0012959225799597848,1.3940892427457974
2024-07-17,8,-0.01708060868407113,1.3702773499197833
2024-07-18,8,-0.0045848132704328125,1.3639948841416976
2024-07-19,8,-0.004342362132948176,1.3580719244072657
2024-07-22,8,0.008842664495955783,1.3700808987961761
2024-07-23,8,0.001264641933209872,1.3718135605526836
2024-07-24,8,-0.02515814361536104,1.3373012779827993
2024-07-25,8,-0.006464605604486982,1.3286561526462641
2024-07-26,8,0.005298159693815753,1.335695585121155
2024-07-29,8,0.0024489204149634493,1.3389665973077345
2024-07-30,8,-0.005288532856133102,1.3318854284646078
2024-07-31,8,0.011168886028824898,1.3467611050185815
2024-08-01,8,-0.006358831230475109,1.3381972784440002
2024-08-02,8,-0.014222733457075752,1.319164455239707
2024-08-05,8,-0.018981803190379117,1.2941243351746032
2024-08-06,8,0.003718127335390617,1.29893605424061
2024-08-07,8,-0.0023401368608371195,1.2958963661002114
2024-08-08,8,0.010172105557765012,1.309078360728107
2024-08-09,8,0.0029872393402320856,1.3129888911067205
2024-08-12,8,-0.0012539375977519683,1.3113424849707311
2024-08-13,8,0.006443779855295746,1.319792487258779
2024-08-14,8,-0.0010405237917143586,1.3184192117756603
2024-08-15,8,0.008854966183412173,1.3300937693114947
2024-08-16,8,0.0003053495043425223,1.330499912784683
2024-08-19,8,0.004675541626799007,1.3367207205113603
2024-08-20,8,7.81620606133048e-05,1.33682520135734
2024-08-21,8,0.0011525070000780932,1.3383659017597853
2024-08-22,8,-0.007968224979668086,1.327701501149447
2024-08-23,8,0.005002270681836171,1.3343430234428768
2024-08-26,8,-0.003176055462623318,1.3301050759942576
2024-08-27,8,-0.0011820903634506131,1.328532771601548
2024-08-28,8,-0.004446748347734569,1.3226251206945177
2024-08-29,8,-0.00010059726768823688,1.3224920682212
2024-08-30,8,0.005947894974279897,1.330358112147298
2024-09-03,8,-0.01463141757139824,1.310893087088974
2024-09-04,8,-0.0009802839626849046,1.309608039618906
2024-09-05,8,0.0045691912138583505,1.315591889167131
2024-09-06,8,-0.01518771654100522,1.295611052470815
2024-09-09,8,0.005558565315637126,1.3028127911296354
2024-09-10,8,0.004705942286189286,1.3089437529344006
2024-09-11,8,0.006737609532007686,1.3177629048410333
2024-09-12,8,0.006616898205385993,1.3264824078412003
2024-09-13,8,0.002323670558652572,1.3295647159588717
2024-09-16,8,-0.0031038680268637795,1.3254379225473607
2024-09-17,8,0.002765172079520442,1.3291029864839263
2024-09-18,8,0.0001573175814919996,1.3293120777513137
2024-09-19,8,0.016940306919674485,1.3518310323404512
2024-09-20,8,-0.0009123563966475529,1.3505976806509088
2024-09-23,8,0.0013206421442872754,1.3523813368679531
2024-09-24,8,0.0014914554866834674,1.3543983534329131
2024-09-25,8,0.0009292282386998777,1.3556568986293716
2024-09-26,8,0.0005277183975447514,1.3563723037155366
2024-09-27,8,-0.0013460888361388878,1.3545465060998572
2024-09-30,8,0.004155752522567608,1.3601756661595166
2024-10-01,8,-0.006987974109314774,1.350670793820274
2024-10-02,8,-0.0024441539103609664,1.3473695465179478
2024-10-03,8,-0.0002560996874735695,1.3470244855981732
2024-10-04,8,0.008055868036752269,1.3578759370964262
2024-10-07,8,-0.013611174816291946,1.3393936503377706
2024-10-08,8,0.009778809995218712,1.352491326353226
2024-10-09,8,0.0015018443211833779,1.3545225577711595
2024-10-10,8,-0.0007024844616724977,1.3535710267213403
2024-10-11,8,-0.00021815278273517019,1.3532757414352314
2024-10-14,8,0.0057620214068195294,1.3610733452267108
2024-10-15,8,-0.0034786692956840096,1.3563386211714967
2024-10-16,8,-0.0010816953677136247,1.3548714759679243
2024-10-17,8,-0.0006243204401309814,1.3540256020117272
2024-10-18,8,0.0037407248927069725,1.3590906392865352
2024-10-21,8,0.0024252297663818765,1.3623867463601438
2024-10-22,8,0.0047871039577967525,1.3689086333456941
2024-10-23,8,-0.014812744233836177,1.3486313398804541
2024-10-24,8,0.010664298116152967,1.363013546537726
2024-10-25,8,0.005709856473744262,1.3707961582602257
2024-10-28,8,0.001967474210770149,1.3734931643498256
2024-10-29,8,0.007435067660129583,1.3837051789574921
2024-10-30,8,0.0006827378509766125,1.3846498868577588
2024-10-31,8,-0.02669196689666274,1.3476908579142837
2024-11-01,8,0.005694482307920484,1.355365259661223
2024-11-04,8,-0.0039849244461377265,1.349964231504553
2024-11-05,8,0.008512147672455462,1.3614553263956526
2024-11-06,8,0.016628285119234188,1.3840939937400594
2024-11-07,8,0.011273450463238681,1.399697508814954
2024-11-08,8,-0.0007669260748509911,1.3986240442985398
2024-11-11,8,-0.0010852629283646489,1.3971061694725433
2024-11-12,8,0.0014218165744895265,1.3990925981806208
2024-11-13,8,-5.773029574973147e-05,1.3990118281511466
2024-11-14,8,-0.002505484503007436,1.3955066256961897
2024-11-15,8,-0.012929109483109224,1.3774639677481593
2024-11-18,8,0.0033535832522074284,1.3820834078409185
2024-11-19,8,0.006423150247863669,1.3909607372245603
2024-11-20,8,-0.0013540058764037466,1.3890773682125113
2024-11-21,8,-0.004443719191353492,1.3829046984531106
2024-11-22,8,-0.0007796129508938088,1.3818265680403448
2024-11-25,8,0.0019261897000080832,1.3844882281429014
2024-11-26,8,0.006390899423454996,1.39333635316192
2024-11-27,8,-0.003066833551169774,1.3890632224859785
2024-11-29,8,0.004838440238611893,1.3957841218756306
2024-12-02,8,0.008244519641721093,1.4072916914840368
2024-12-03,8,0.005187604008424883,1.4145921635038023
2024-12-04,8,0.007105527980576898,1.4246435877026835
2024-12-05,8,0.0011482149203573839,1.4262793847262754
2024-12-06,8,0.005432506061932615,1.4340276561298104
2024-12-09,8,-0.0007259040838387636,1.432986689597888
2024-12-10,8,0.0027802633090735513,1.436970769913368
2024-12-11,8,0.011874439267398243,1.4540339920497307
2024-12-12,8,-0.0028474462604824377,1.4498937083964545
2024-12-13,8,-0.002132621588095166,1.4468016337734848
2024-12-16,8,0.009315178560646401,1.4602788493339198
2024-12-17,8,0.0007522783945863151,1.461377385562345
2024-12-18,8,-0.03080156039435336,1.4163646817620044
2024-12-19,8,0.001949145356984945,1.419125382405258
2024-12-20,8,0.004787974549049225,1.4259201186181243
2024-12-23,8,0.006085076407492306,1.434596951490896
2024-12-24,8,0.008723105799529831,1.447111092478434
2024-12-26,8,-0.0016703629591464484,1.4446938917117882
2024-12-27,8,-0.00983638536172902,1.430483325863175
2024-12-30,8,-0.007255768944505886,1.4201040693717435
2024-12-31,8,-0.005998754839956889,1.4115852132123572
2025-01-02,8,-0.002284912183566451,1.408359864960546
2025-01-03,8,0.00933791507724819,1.4215110097777521
2025-01-06,8,0.00948082037875893,1.434988100327883
2025-01-07,8,-0.01114393249945174,1.4189966898003126
2025-01-08,8,-0.00023603413574968649,1.4186617581430039
2025-01-10,8,-0.007842307131720471,1.4075361769196197
2025-01-13,8,-0.0011151015451914895,1.4059666311538237
2025-01-14,8,7.605652520075438e-05,1.4060735640903375
2025-01-15,8,-0.002921520072913986,1.4019656919488537
2025-01-16,8,0.001400040221450061,1.403928500306675
2025-01-17,8,0.0020677834253949303,1.4068315203900486
2025-01-21,8,0.006558339214520994,1.4160579987184467
2025-01-22,8,0.00920007696737278,1.4290858412969203
2025-01-23,8,0.0018564229526219723,1.4317388290539708
2025-01-24,8,-0.0009734750301473138,1.4303450670541944
2025-01-27,8,-0.010632793036607347,1.4151365039852748
2025-01-28,8,0.0025041152244861006,1.4186801688496302
2025-01-29,8,-0.0001490939688191949,1.4184686521927712
2025-01-30,8,-0.002290352733792951,1.4152198586374218
2025-01-31,8,0.000769766475633493,1.4163092474402517
2025-02-03,8,-0.005084265152339864,1.4091083556885546
2025-02-04,8,0.0030470980233725355,1.413402046973891
2025-02-05,8,-0.004025487449450984,1.4077124147727693
2025-02-06,8,0.0029506041961038865,1.4118660169307053
2025-02-07,8,-0.001961902568491814,1.4090960733657227
2025-02-10,8,0.0023937171174793466,1.412469050756711
2025-02-11,8,0.002097910301211493,1.415432284128436
2025-02-12,8,0.00024392094512414302,1.4157775377089397
2025-02-13,8,0.0001267991863035155,1.415957057148708
2025-02-14,8,0.0018416107170959593,1.4185646988401006
2025-02-18,8,-0.004909887780198852,1.4115997053598441
2025-02-19,8,-0.0033229365683762222,1.4069090490789948
2025-02-20,8,-0.0020140128683240645,1.4040755161495881
2025-02-21,8,-0.004183577751307492,1.398201457059069
2025-02-24,8,-6.455910076897146e-05,1.3981111904303074
2025-02-25,8,0.0065183591683721015,1.4072245813268525
2025-02-26,8,-0.00402366098183465,1.4015623866862892
2025-02-27,8,0.005289973458195922,1.4089766145118654
2025-02-28,8,0.0010147436645547405,1.410406364604947
2025-03-03,8,0.00013068764317281057,1.4105906872886531
2025-03-04,8,0.000701960632320271,1.4115808664194471
2025-03-05,8,-0.0020113343190180004,1.4087417053787485
2025-03-06,8,-0.0039337227334988525,1.4032001061066721
2025-03-07,8,-0.0016429875047215396,1.4008946658657149
2025-03-10,8,0.008338685860278423,1.412576286407709
2025-03-11,8,0.004859752693107947,1.4194410578197993
2025-03-12,8,0.00812439457357987,1.4309731570474669
2025-03-13,8,-0.006701176578225235,1.4213839532433914
2025-03-14,8,0.007288995310048241,1.4317444142123605
2025-03-17,8,-0.003590854190391447,1.4266032287830166
2025-03-18,8,-0.004817164832319559,1.4197310458796495
2025-03-19,8,0.0027368080057154666,1.4236165771719758
2025-03-20,8,-6.258957021311486e-05,1.4235274736222623
2025-03-21,8,0.003331432502295273,1.4282698593157979
2025-03-24,8,0.005528713516907016,1.436166354192788
2025-03-25,8,-0.0020883401616160306,1.4331671503165655
2025-03-26,8,0.005565699543397075,1.441143728070694
2025-03-27,8,0.001246221118040387,1.4429397118187473
2025-03-28,8,0.006018787303535755,1.4516244590360095
2025-03-31,8,0.001564216122673772,1.4538951134189013
2025-04-01,8,-0.001934741297496267,1.4510822025007417
2025-04-02,8,-0.001480301257382776,1.448934163691814
2025-04-03,8,0.008398391276979408,1.4611028797330807
2025-04-04,8,-0.0018555073557860449,1.4583917925921759
2025-04-07,8,0.0009084060142232615,1.4597166044676604
2025-04-08,8,-0.0072393846575679426,1.44914915447688
2025-04-09,8,0.04225095499712398,1.5103770901868028
2025-04-10,8,-0.009155473892921357,1.496548872169131
2025-04-11,8,0.0029761001641921696,1.501002751513315
2025-04-14,8,0.0003604469073759252,1.5015437833130607
2025-04-15,8,-0.0008190686575922884,1.5003139158621464
2025-04-16,8,-0.0017427801262550086,1.4976991985864379
2025-04-17,8,-0.0007458783767137246,1.4965820971393908
2025-04-21,8,-0.0031757284535916816,1.4918293587903693
2025-04-22,8,0.006467997793730604,1.5014785077916477
2025-04-23,8,0.006774687962456413,1.5116505561642708
2025-04-24,8,0.003563810729370635,1.5170377926353882
2025-04-25,8,-0.0010019091319525195,1.5155178586174296
2025-04-28,8,-0.00010728184643262552,1.5153552710632556
2025-04-29,8,-0.0008760299762206019,1.5140277744211803
2025-04-30,8,0.0016493277366180722,1.5165249024235432
2025-05-01,8,-0.0056748837998796585,1.5079187998226657
2025-05-02,8,-0.001968844923560703,1.504949941548493
2025-05-05,8,-9.166405834730483e-05,1.5048119917292413
2025-05-06,8,0.001285785126022876,1.5067468566056677
2025-05-07,8,0.0011635256271576666,1.5084999951869675
2025-05-08,8,-0.0005677599537804661,1.5076435292994224
2025-05-09,8,-0.0004472516145641334,1.506969233296756
2025-05-12,8,-0.00874063394667892,1.4937973668596016
2025-05-13,8,-0.0012158684541006993,1.4919811057644183
2025-05-14,8,0.0007988610187794034,1.493172991310569
2025-05-15,8,0.003533923092359932,1.4984497498254494
2025-05-16,8,0.00044996123686159135,1.499123994128256
2025-05-19,8,0.0007772911210500264,1.5002892498982447
2025-05-20,8,0.0005092518976902502,1.5010532750458399
2025-05-21,8,0.004168551367173089,1.5073104927277317
2025-05-22,8,-0.0010388433669897465,1.5057446332203674
2025-05-23,8,0.0030792207544920597,1.5103811533459446
2025-05-27,8,-0.00617448107350037,1.5010553335008383
2025-05-28,8,-0.00018219795450780205,1.5007818442894714
2025-05-29,8,-0.00141538885538717,1.4986576543926966
2025-05-30,8,0.0031006106704961982,1.5033044083073275
2025-06-02,8,0.0010243868652646112,1.504844373597692
2025-06-03,8,-0.0019831763455435392,1.5018600018322488
2025-06-04,8,0.002693224186591125,1.505904847514057
2025-06-05,8,0.006106954486173127,1.5151013398783328
2025-06-06,8,0.0009736297714003829,1.5165764876495271
2025-06-09,8,0.0023701523720414284,1.520171005009112
2025-06-10,8,0.000627264813132279,1.5211245547904981
2025-06-11,8,-0.0018718961077360667,1.518277167657004
2025-06-12,8,0.003262234922280096,1.5232301444550351
2025-06-13,8,-0.00485897072724799,1.5158288137722664
2025-06-16,8,0.008462160432790298,1.5286560003830536
2025-06-17,8,-0.003077022246564644,1.5239522918625303
2025-06-18,8,-0.0010330593420813288,1.5223779587105355
2025-06-20,8,-0.009641194549910418,1.5077004166321117
2025-06-23,8,0.009092038909429733,1.5214084874838945
2025-06-24,8,0.002319204676484099,1.5249369451629098
2025-06-25,8,0.0009654296124789986,1.5264091644469333
2025-06-26,8,0.009130738912532323,1.5403464080011948
2025-06-27,8,0.006692841238711761,1.5506557019625666
2025-06-30,8,0.0013990370193506536,1.5528251266938793
2025-07-01,8,-0.006026632865544344,1.5434668197509027
2025-07-02,8,0.005966020640784364,1.5526751746559024
2025-07-03,8,0.007535147853565113,1.5643748116654945
2025-07-07,8,-0.006595420523446705,1.5540571019262728
2025-07-08,8,-0.0021800810525529684,1.550669131483778
2025-07-09,8,0.008123676604006754,1.563266266027768
2025-07-10,8,0.0022652004812821116,1.5668073775259463
2025-07-11,8,0.0010125769365143405,1.5683938905403896
2025-07-14,8,0.0001528596242744941,1.5686336346412122
2025-07-15,8,0.0016670384764060873,1.5712486072655438
2025-07-16,8,0.000944089840215693,1.5727320071121165
2025-07-17,8,0.0038864996505645014,1.5788444295081894
2025-07-18,8,0.0025815231386864534,1.5829202529353512
2025-07-21,8,0.004933874199477132,1.5907301823311386
2025-07-22,8,-0.0028809809126991042,1.5861473190385884
2025-07-23,8,0.004641615827677513,1.593509605539666
2025-07-24,8,0.0020013080079755003,1.5966987090740183
2025-07-25,8,0.0031057718657580254,1.6016576910027527
2025-07-28,8,0.002948036040414893,1.6063794356002363
2025-07-29,8,-0.005108299220012776,1.598173568782315
2025-07-30,8,-0.0009053978614262746,1.5967265858509516
2025-07-31,8,0.014321287834527869,1.619593766879966
2025-08-01,8,-0.025864737487678285,1.5777033992629357
2025-08-04,8,0.011994558652869882,1.596627255222227
2025-08-05,8,-0.004292484246661999,1.5897737578813944
2025-08-06,8,-0.005061992806935846,1.5817263345543433
2025-08-07,8,0.001956227252332358,1.5848205507157302
2025-08-08,8,0.009266127647025162,1.599505700236291
2025-08-11,8,-0.000754611306786557,1.598298695149623
2025-08-12,8,0.006884184281694267,1.6093016779042244
2025-08-13,8,-0.0011690146405954197,1.6074203806816196
2025-08-14,8,0.0018378342059195084,1.6103745528405284
2025-08-15,8,-0.0018422684860091142,1.6074078105511593
2025-08-18,8,-0.000541974798334883,1.606536636027194
2025-08-19,8,-0.008074301071394402,1.5935649755456853
2025-08-20,8,-0.0028042469660934494,1.5890962257977386
2025-08-21,8,-0.0018402145554093632,1.5861719477930794
2025-08-22,8,0.012334061659601724,1.6057358903998897
2025-08-25,8,0.001370882639364402,1.607937165855443
2025-08-26,8,0.0009196090641804765,1.6094158394477966
2025-08-27,8,0.00032926176192857656,1.609945758542769
2025-08-28,8,0.0016489215405590474,1.6126004327831618
2025-08-29,8,-0.007292989855515588,1.600839754185874
2025-09-02,8,-0.0069120451480432134,1.5897746775301589
2025-09-03,8,0.013876292712210917,1.6118348563020282
2025-09-04,8,0.007925924285664012,1.624610137334072
2025-09-05,8,-0.00033352311602867935,1.6240682922987366
2025-09-08,8,0.0003119267438497981,1.6245748826329431
2025-09-09,8,0.0015736612762587594,1.6271314132161252
2025-09-10,8,-0.008854411865997471,1.6127241215234072
2025-09-11,8,0.005746362931713679,1.6219914196344096
2025-09-12,8,0.0074713090981302095,1.6341098188850134
2025-09-15,8,0.0044802525556184615,1.6414310435772341
2025-09-16,8,0.0012962742717696051,1.6435587884079075
2025-09-17,8,-0.0018689288836368943,1.6404870939162968
2025-09-18,8,0.0017031164361247454,1.6432810344491962
2025-09-19,8,0.006371400098004164,1.6537510353931342
2025-09-22,8,0.004145992415454048,1.6606074746429236
2025-09-23,8,-0.009148222229232176,1.645415868429366
2025-09-24,8,0.001620923180211342,1.6480829611515908
2025-09-25,8,-0.0031178748980590157,1.6429444446570975
2025-09-26,8,0.002385749679477617,1.646864098839338
2025-09-29,8,0.002229820509889653,1.6505363101839308
2025-09-30,8,0.0014801026901907278,1.6529792734168915
2025-10-01,8,0.0014177987981047065,1.6553228654440342
2025-10-02,8,0.00035237355601085846,1.6559061574484768
2025-10-03,8,-0.0037589263710674733,1.6496817281252307
2025-10-06,8,0.008101396315881308,1.6630464535998413
2025-10-07,8,-0.005746679031354413,1.6534894594167708
2025-10-08,8,0.005852559188761964,1.6631666043460014
2025-10-09,8,0.0002305100988561561,1.6635499810443835
2025-10-10,8,-0.02947204178449122,1.6145217664924538
2025-10-13,8,0.010590411690585376,1.6316202166830198
2025-10-14,8,-0.004642322511343171,1.6240457094211496
2025-10-15,8,0.004764705989576404,1.6317838097401742
2025-10-16,8,-0.0020288368387187273,1.6284731866341486
2025-10-17,8,0.005553260729594239,1.6375165228306814
2025-10-20,8,0.007335810130050308,1.6495290331269874
2025-10-21,8,-0.004145369041247737,1.6426911265404234
2025-10-22,8,-0.0028087122982033068,1.6380772797711598
2025-10-23,8,0.004095307621356924,1.6447857101393784
2025-10-24,8,0.006527893668703975,1.655522696362972
2025-10-27,8,0.013515230374630233,1.6778974669947464
2025-10-28,8,0.006621915998674833,1.689008363075575
2025-10-29,8,0.003903035761930107,1.6956006231188578
